,Environmental_mean,Cultural_mean,VisitorMgmt_mean,Community_mean
eta2_approx,0.03729701837228786,0.017415996095973153,0.042398248877037296,0.01866783260952692
