Weather,Controller,E_demand (Wh),E_served (Wh),LFR (%),PVUR (%),GDR (%),SSR (%),EENS (Wh),PV Wastage (Wh),BUE (%),PVR (%),SOCavg (%),SOCstd (%)
Sunny,Baseline,58834.02977993306,54993.18536695472,93.47172983502081,39.75056470883149,0.0,100.0,3840.8444129783484,41658.6842897621,210.5484595002896,0.5069459736696256,63.21290814534163,23.829884213825707
Sunny,Fuzzy,58834.02977993306,43412.1607159997,73.78750168632268,39.75056470883149,0.0,100.0,15421.869063933365,41658.6842897621,58.152686664085806,0.0,59.38400250398096,28.135618779951148
Cloudy,Baseline,58834.02977993306,44332.62952051202,75.35201937779361,63.59788214857701,0.0,100.0,14501.400259421043,14240.27475084686,0.0,1.974954744072077,42.220345834353914,12.266388127120429
Cloudy,Fuzzy,58834.02977993306,40522.23884113692,68.87551132007981,63.59788214857701,0.0,100.0,18311.790938796137,14240.27475084686,11347.65291107415,0.0,50.4377407890359,23.11419443240182
Rainy,Baseline,58834.02977993306,20328.39028489589,34.552095718980375,98.12847849437829,0.0,100.0,38505.63949503717,242.870774415529,0.0,14.534974570758331,32.50646502001035,7.886890800503887
Rainy,Fuzzy,58834.02977993306,16558.773184657373,28.144890374830645,98.12847849437829,0.0,100.0,42275.256595275685,242.870774415529,0.0,0.0,31.161111524303287,5.749400895907475
