Weather,Controller,LFR (%),PVUR (%),GDR (%),EENS (Wh),PV Wastage (Wh),BUE (%),SOCavg (%),SOCstd (%),SSR (%),PVR (%)
Sunny,Baseline,100.0,38.683154354919616,1.2313006937783557,0.0,21629.67040964547,70.78104243592969,65.2205211155861,22.105254767075717,98.76869930622165,0.0
Sunny,Fuzzy,100.0,38.683154354919616,1.2511986411258311,0.0,21629.67040964547,206.78854673067883,65.24385797146388,22.111085787132406,98.74880135887418,0.0
Cloudy,Baseline,100.0,63.33899239922407,9.530785654527314,0.0,7408.7323965027535,185.2161211036282,45.58147076066803,12.567015537389391,90.4692143454727,0.0
Cloudy,Fuzzy,100.0,63.33899239922407,9.573424113129047,0.0,7408.7323965027535,0.0,45.61032731763275,12.56093793231216,90.42657588687095,0.0
Rainy,Baseline,100.0,98.94538542960191,48.77342034685634,0.0,80.512933575832,9270.413376358814,35.12936095893996,10.685426720930993,51.22657965314366,0.0
Rainy,Fuzzy,100.0,98.94538542960191,48.840403467881245,0.0,80.512933575832,0.0,35.18735489404618,10.656551341606425,51.159596532118755,0.0
