,pab_score,hsa_score,irs_score,vh_score
pab_score,1.0,0.22175035546231203,0.06148653964962363,0.4679451984683424
hsa_score,0.22175035546231203,1.0,0.6615436604793016,0.4763589703328829
irs_score,0.06148653964962363,0.6615436604793016,1.0,0.35878167316296333
vh_score,0.4679451984683424,0.4763589703328829,0.35878167316296333,1.0
